City_ID,City,Lat,Lng,Max Temp,Humidity,Cloudiness,Wind Speed,Country,Current Description
0,Smithers,54.7804,-127.1743,59.32,67,75,3.44,CA,light rain
1,Rikitea,-23.1203,-134.9692,71.42,64,98,16.33,PF,overcast clouds
2,Semirom,31.4167,51.5667,72.25,27,42,3.53,IR,scattered clouds
3,San Patricio,28.017,-97.5169,95.54,44,0,17.9,US,clear sky
4,Guatire,10.4762,-66.5427,77.5,94,96,3.04,VE,overcast clouds
5,Banda Aceh,5.5577,95.3222,80.44,79,100,12.66,ID,overcast clouds
6,Avarua,-21.2078,-159.775,77.05,73,2,6.91,CK,clear sky
7,Barrow,71.2906,-156.7887,37.42,87,90,16.11,US,light rain
8,Saint George,37.1041,-113.5841,99.79,32,1,11.01,US,clear sky
9,Saint-Philippe,-21.3585,55.7679,67.59,72,33,7.67,RE,scattered clouds
10,Bairiki,1.3292,172.9752,82.4,74,75,13.8,KI,broken clouds
11,Tuktoyaktuk,69.4541,-133.0374,55.4,67,75,11.5,CA,broken clouds
12,Lima,-12.0432,-77.0282,62.85,72,90,9.22,PE,overcast clouds
13,Georgetown,5.4112,100.3354,83.89,86,20,3.0,MY,few clouds
14,Hermanus,-34.4187,19.2345,49.89,76,0,12.44,ZA,clear sky
15,Punta Arenas,-53.15,-70.9167,41.02,81,0,21.85,CL,light rain
16,Ilulissat,69.2167,-51.1,46.42,71,40,10.36,GL,light rain
17,Esperance,-33.8667,121.9,46.24,77,66,24.05,AU,light rain
18,Umm Bab,25.2142,50.8072,96.48,59,0,5.7,QA,clear sky
19,Hambantota,6.1241,81.1185,79.57,78,98,17.49,LK,overcast clouds
20,Butaritari,3.0707,172.7902,83.91,73,51,16.04,KI,broken clouds
21,Busselton,-33.65,115.3333,48.09,61,99,14.5,AU,overcast clouds
22,Tubuala,9.5167,-79.0333,78.91,82,100,1.23,PA,overcast clouds
23,Ushuaia,-54.8,-68.3,40.62,87,40,20.71,AR,scattered clouds
24,Cherskiy,68.75,161.3,49.8,65,0,6.02,RU,clear sky
25,Anupgarh,29.1911,73.2086,90.68,57,87,5.95,IN,overcast clouds
26,Puerto Ayora,-0.7393,-90.3518,80.56,86,97,7.0,EC,overcast clouds
27,Manta,-0.95,-80.7333,80.38,65,40,13.8,EC,scattered clouds
28,Vardo,70.3705,31.1107,46.6,87,75,29.93,NO,broken clouds
29,Longyearbyen,78.2186,15.6401,44.44,87,75,8.05,SJ,broken clouds
30,Mataura,-46.1927,168.8643,41.49,85,41,3.31,NZ,scattered clouds
31,Hithadhoo,-0.6,73.0833,82.17,77,100,12.71,MV,overcast clouds
32,Clyde River,70.4692,-68.5914,39.43,81,75,24.16,CA,broken clouds
33,Saskylakh,71.9167,114.0833,55.38,78,97,14.09,RU,overcast clouds
34,Tupik,54.4253,119.9327,60.4,93,99,3.38,RU,overcast clouds
35,Mount Isa,-20.7333,139.5,49.77,66,36,1.14,AU,scattered clouds
36,Kenai,60.5544,-151.2583,60.85,69,90,9.22,US,overcast clouds
37,Pochutla,15.7432,-96.4661,91.81,51,50,7.61,MX,scattered clouds
38,Santa Rosalia,27.3167,-112.2833,89.38,54,92,8.57,MX,overcast clouds
39,Namatanai,-3.6667,152.4333,79.56,83,60,7.47,PG,broken clouds
40,Santa Marta,11.2408,-74.199,95.34,73,54,18.68,CO,broken clouds
41,Heidenreichstein,48.8667,15.1167,65.73,72,2,1.99,AT,clear sky
42,Carnarvon,-24.8667,113.6333,59.07,67,80,12.66,AU,broken clouds
43,Pinega,64.7001,43.3936,41.14,87,8,6.78,RU,clear sky
44,Erenhot,43.6475,111.9767,78.69,47,98,9.71,CN,overcast clouds
45,Albany,42.6001,-73.9662,77.45,59,64,6.93,US,broken clouds
46,Ulladulla,-35.35,150.4667,47.88,84,100,6.82,AU,light rain
47,Mar Del Plata,-38.0023,-57.5575,62.62,64,0,1.01,AR,clear sky
48,Illapel,-31.6308,-71.1653,64.15,57,2,5.46,CL,clear sky
49,Mehamn,71.0357,27.8492,44.78,87,75,24.16,NO,broken clouds
50,Hobart,-42.8794,147.3294,45.27,84,40,1.99,AU,scattered clouds
51,Bluff,-46.6,168.3333,41.81,84,74,11.54,NZ,broken clouds
52,Kimbe,-5.5502,150.1429,76.26,91,99,3.44,PG,overcast clouds
53,Qaanaaq,77.484,-69.3632,43.74,56,21,2.93,GL,few clouds
54,Mahebourg,-20.4081,57.7,70.09,83,75,12.66,MU,light intensity shower rain
55,Nanortalik,60.1432,-45.2371,43.38,84,40,11.1,GL,scattered clouds
56,Amuntai,-2.4177,115.2494,73.98,97,97,1.48,ID,overcast clouds
57,Matara,5.9485,80.5353,76.51,90,98,9.4,LK,overcast clouds
58,Husavik,66.0449,-17.3389,66.11,79,76,1.63,IS,broken clouds
59,Mingshui,36.7167,117.5,76.68,83,100,4.9,CN,overcast clouds
60,Jamestown,42.097,-79.2353,78.3,57,75,4.0,US,broken clouds
61,Atuona,-9.8,-139.0333,77.07,77,46,11.79,PF,scattered clouds
62,Christchurch,-43.5333,172.6333,30.4,100,2,2.3,NZ,clear sky
63,New Norfolk,-42.7826,147.0587,40.91,81,70,3.22,AU,broken clouds
64,Kuminskiy,58.6667,66.5667,60.3,79,100,0.85,RU,overcast clouds
65,Bandar,2.05,99.75,73.78,82,100,2.44,ID,overcast clouds
66,Pevek,69.7008,170.3133,38.91,89,100,7.61,RU,light rain
67,Upernavik,72.7868,-56.1549,40.57,93,100,4.76,GL,light rain
68,Honningsvag,70.9821,25.9704,44.35,87,75,26.46,NO,broken clouds
69,Luderitz,-26.6481,15.1594,66.2,22,0,19.75,NA,clear sky
70,Bredasdorp,-34.5322,20.0403,51.12,76,0,12.66,ZA,clear sky
71,San Joaquin,37.9333,-121.3011,101.79,35,1,6.91,US,clear sky
72,Tanah Merah,5.8,102.15,76.82,96,100,2.3,MY,overcast clouds
73,Talnakh,69.4865,88.3972,58.66,68,100,16.24,RU,overcast clouds
74,Souillac,-20.5167,57.5167,70.18,83,75,12.66,MU,light intensity shower rain
75,Thompson,55.7435,-97.8558,77.16,29,75,23.02,CA,broken clouds
76,Narsaq,60.9167,-46.05,57.42,61,5,2.66,GL,clear sky
77,Pedro Carbo,-1.8333,-80.2333,81.88,47,25,3.29,EC,scattered clouds
78,Kavieng,-2.5744,150.7967,82.17,79,16,14.83,PG,light rain
79,Namibe,-15.1961,12.1522,65.41,92,16,4.94,AO,few clouds
80,Srednekolymsk,67.45,153.6833,59.22,55,59,8.19,RU,broken clouds
81,Yeppoon,-23.1333,150.7333,64.18,95,10,7.31,AU,clear sky
82,Chokurdakh,70.6333,147.9167,40.71,70,70,12.75,RU,broken clouds
83,Khatanga,71.9667,102.5,50.81,81,24,6.8,RU,few clouds
84,Sao Joao Da Barra,-21.6403,-41.0511,73.49,66,0,8.88,BR,clear sky
85,Fare,-16.7,-151.0167,77.79,67,10,13.8,PF,clear sky
86,Conceicao Do Araguaia,-8.2578,-49.2647,91.53,33,0,6.91,BR,clear sky
87,Jiuquan,39.7432,98.5174,81.19,32,3,4.25,CN,clear sky
88,Vaini,-21.2,-175.2,75.36,94,40,3.44,TO,scattered clouds
89,Acapulco,16.8634,-99.8901,84.02,79,90,8.05,MX,overcast clouds
90,Hami,42.8,93.45,86.52,42,99,14.56,CN,overcast clouds
91,Airai,-8.9266,125.4092,56.25,35,11,3.31,TL,few clouds
92,Sur,22.5667,59.5289,91.33,58,44,12.91,OM,scattered clouds
93,Port Hedland,-20.3167,118.5667,64.45,42,2,6.91,AU,clear sky
94,College,64.8569,-147.8028,73.2,72,75,0.0,US,light rain
95,Amazar,53.858,120.875,60.48,97,61,2.95,RU,broken clouds
96,Bulaevo,54.9056,70.4439,70.27,55,10,8.57,KZ,clear sky
97,Cape Town,-33.9258,18.4232,51.12,66,0,2.3,ZA,clear sky
98,Faya,18.3851,42.4509,62.71,68,92,0.89,SA,overcast clouds
99,Bengkulu,-3.8004,102.2655,74.89,85,57,3.67,ID,broken clouds
100,Kodiak,57.79,-152.4072,54.91,88,90,12.66,US,moderate rain
101,Skeldon,5.8833,-57.1333,80.04,89,100,4.85,GY,overcast clouds
102,Springbok,-29.6643,17.8865,47.01,21,0,25.72,ZA,clear sky
103,Fukue,32.6881,128.8419,79.63,81,100,10.8,JP,overcast clouds
104,Buala,-8.145,159.5921,81.23,80,85,5.84,SB,light rain
105,Puerto Palomas,31.7667,-107.6167,90.73,24,46,12.97,MX,scattered clouds
106,Manaure,11.7751,-72.4445,91.24,51,97,17.58,CO,overcast clouds
107,Tasiilaq,65.6145,-37.6368,42.96,99,100,3.85,GL,light rain
108,Saldanha,-33.0117,17.9442,44.65,66,0,9.82,ZA,clear sky
109,Honiara,-9.4333,159.95,79.36,81,99,3.42,SB,overcast clouds
110,Dikson,73.5069,80.5464,44.11,71,99,13.18,RU,overcast clouds
111,Vila Franca Do Campo,37.7167,-25.4333,70.21,83,88,6.24,PT,overcast clouds
112,Nome,64.5011,-165.4064,51.17,76,90,14.97,US,overcast clouds
113,Rafaela,-31.2503,-61.4867,73.0,41,3,4.92,AR,clear sky
114,Pangnirtung,66.1451,-65.7125,47.68,75,99,7.65,CA,overcast clouds
115,Laguna,38.421,-121.4238,106.25,26,1,1.01,US,clear sky
116,Puerto Escondido,15.85,-97.0667,89.42,58,53,7.87,MX,broken clouds
117,Rawson,-43.3002,-65.1023,51.55,34,3,10.89,AR,clear sky
118,Severodvinsk,64.5635,39.8302,44.71,75,100,14.61,RU,light rain
119,Port Alfred,-33.5906,26.891,53.26,66,100,4.12,ZA,light rain
120,Hobyo,5.3505,48.5268,76.93,84,17,30.65,SO,few clouds
121,Broome,42.2506,-75.833,78.55,55,20,3.0,US,few clouds
122,Davidson,36.1501,-86.7833,92.53,50,20,5.01,US,few clouds
123,Ust-Nera,64.5667,143.2,58.93,84,100,2.26,RU,overcast clouds
124,Fairbanks,64.8378,-147.7164,73.22,72,40,1.01,US,light rain
125,Cody,44.5263,-109.0565,88.92,24,1,10.36,US,clear sky
126,Lavrentiya,65.5833,-171.0,48.24,72,89,5.84,RU,overcast clouds
127,Santiago,-33.4569,-70.6483,72.28,35,75,6.91,CL,haze
128,Shellbrook,53.2168,-106.4011,76.23,26,74,23.09,CA,broken clouds
129,Katsuura,35.1333,140.3,81.1,83,0,1.39,JP,clear sky
130,Geraldton,-28.7667,114.6,56.12,93,40,2.3,AU,scattered clouds
131,Rudbar,30.15,62.6,91.51,13,2,3.51,AF,clear sky
132,Cabo San Lucas,22.8909,-109.9124,101.52,65,0,10.2,MX,clear sky
133,Torbay,47.6666,-52.7314,65.28,91,75,8.05,CA,broken clouds
134,Voloshka,61.3314,40.0858,41.58,70,23,5.06,RU,few clouds
135,Avera,33.194,-82.5271,92.75,56,86,4.12,US,overcast clouds
136,Ahipara,-35.1667,173.1667,52.32,83,3,3.15,NZ,clear sky
137,Guliston,40.4897,68.7842,78.01,24,0,6.29,UZ,clear sky
138,Olafsvik,64.8945,-23.7142,52.3,97,100,9.62,IS,overcast clouds
139,Eatonton,33.3268,-83.3885,94.23,55,54,0.4,US,broken clouds
140,Maldonado,-34.6667,-54.9167,69.19,84,26,3.89,UY,scattered clouds
141,San Cristobal,7.7669,-72.225,87.98,71,100,5.66,VE,overcast clouds
142,Sisimiut,66.9395,-53.6735,44.58,80,100,12.59,GL,light rain
143,Sakaiminato,35.55,133.2333,78.78,78,75,3.44,JP,broken clouds
144,Kadaura,25.9833,79.85,89.73,67,100,5.84,IN,overcast clouds
145,Gabu,12.2833,-14.2167,77.49,85,68,6.96,GW,broken clouds
146,Manado,1.487,124.8455,77.77,73,40,5.75,ID,scattered clouds
147,Arraial Do Cabo,-22.9661,-42.0278,71.56,64,0,17.27,BR,clear sky
148,Henties Bay,-22.116,14.2845,59.86,38,0,6.04,NA,clear sky
149,Kilindoni,-7.9139,39.6668,76.77,74,5,19.75,TZ,clear sky
150,Dongsheng,39.8161,109.9776,67.84,74,3,12.66,CN,clear sky
151,Westport,41.1415,-73.3579,84.36,49,75,5.99,US,broken clouds
152,Newala,-10.9431,39.2787,62.24,78,73,3.11,TZ,broken clouds
153,Jacmel,18.2342,-72.5347,96.64,66,42,5.73,HT,scattered clouds
154,San Carlos De Bariloche,-41.1456,-71.3082,49.75,17,0,0.0,AR,clear sky
155,Hagi,34.4,131.4167,70.86,86,100,3.29,JP,overcast clouds
156,Hayden,47.766,-116.7866,84.97,23,1,13.8,US,clear sky
157,Sangar,63.9242,127.4739,65.21,73,100,1.32,RU,overcast clouds
158,Gimbi,9.1667,35.8333,55.83,97,100,3.36,ET,light rain
159,Tonk,26.1667,75.7833,80.4,83,25,6.26,IN,moderate rain
160,Saint-Michel-Des-Saints,46.6834,-73.9159,74.93,47,96,4.12,CA,overcast clouds
161,Salas,43.4118,-6.2602,63.5,93,19,1.05,ES,few clouds
162,Victoria,22.2855,114.1577,85.24,87,78,1.01,HK,broken clouds
163,Ampanihy,-24.7,44.75,60.91,61,40,6.2,MG,scattered clouds
164,Tessalit,20.1986,1.0114,87.33,43,56,19.98,ML,broken clouds
165,Heihe,50.2441,127.4902,70.38,94,54,5.59,CN,broken clouds
166,La Ronge,55.1001,-105.2842,64.65,59,90,12.66,CA,overcast clouds
167,Aldan,58.6031,125.3894,61.48,99,100,3.11,RU,moderate rain
168,East London,-33.0153,27.9116,53.35,66,94,3.69,ZA,light rain
169,Wajir,1.7471,40.0573,77.25,52,76,21.88,KE,broken clouds
170,Norman Wells,65.282,-126.8329,59.04,72,90,11.5,CA,overcast clouds
171,Am Timan,11.0297,20.2827,75.99,74,6,4.34,TD,clear sky
172,Kalmunai,7.4167,81.8167,78.78,71,67,9.95,LK,broken clouds
173,Coos Bay,43.3665,-124.2179,87.85,63,1,23.02,US,clear sky
174,Chambas,22.1928,-78.9136,89.22,68,79,10.78,CU,broken clouds
175,Port Elizabeth,-33.918,25.5701,45.1,93,40,4.61,ZA,scattered clouds
176,Itea,38.4333,22.4167,80.01,58,3,3.09,GR,clear sky
177,Taranagar,28.6709,75.0351,88.45,66,100,4.61,IN,overcast clouds
178,Gonaives,19.45,-72.6833,88.54,59,29,6.49,HT,scattered clouds
179,Praia,14.9215,-23.5087,77.54,65,20,17.27,CV,few clouds
180,Ravar,31.2656,56.8055,88.43,14,0,4.41,IR,clear sky
181,Leningradskiy,69.3833,178.4167,40.46,77,65,9.73,RU,broken clouds
182,Bud,39.447,-86.1758,87.21,68,18,5.99,US,few clouds
183,Belvidere,42.2639,-88.8443,88.36,67,41,9.62,US,scattered clouds
184,Nikolskoye,59.7035,30.7861,61.81,65,93,2.8,RU,overcast clouds
185,Powell,40.1578,-83.0752,82.35,59,1,1.99,US,clear sky
186,Sawakin,19.1059,37.3321,89.31,55,76,8.32,SD,broken clouds
187,Ullapool,57.8987,-5.1604,68.34,81,99,3.29,GB,overcast clouds
188,Tambopata,-12.7333,-69.1833,87.69,45,0,3.44,PE,clear sky
189,Kapaa,22.0752,-159.319,82.72,70,75,3.0,US,light rain
190,Phan Thiet,10.9333,108.1,77.13,90,100,10.42,VN,overcast clouds
191,Orda,57.1951,56.9091,53.83,83,39,3.4,RU,scattered clouds
192,Vanimo,-2.6741,141.3028,77.32,88,100,3.56,PG,moderate rain
193,Tulun,54.5611,100.5792,55.02,86,52,2.64,RU,broken clouds
194,Oro Valley,32.3909,-110.9665,76.95,73,100,7.85,US,overcast clouds
195,Morondava,-20.2833,44.2833,70.54,67,54,19.28,MG,broken clouds
196,Caxito,-8.5785,13.6643,67.44,94,83,0.69,AO,broken clouds
197,Yellowknife,62.456,-114.3525,75.72,64,75,4.61,CA,smoke
198,Amarwara,22.3,79.1667,71.96,95,100,8.86,IN,heavy intensity rain
199,Tautira,-17.7333,-149.15,82.42,69,4,10.45,PF,clear sky
200,Touros,-5.1989,-35.4608,79.7,77,5,16.42,BR,clear sky
201,Pocinhos,-7.0767,-36.0611,73.69,86,51,12.95,BR,broken clouds
202,Nizhniy Odes,63.6445,54.856,51.26,79,95,7.45,RU,overcast clouds
203,Asau,46.4333,26.4,62.4,83,19,3.09,RO,few clouds
204,Jandaia Do Sul,-23.6031,-51.6433,77.65,57,0,5.48,BR,clear sky
205,Iquique,-20.2208,-70.1431,60.84,73,26,3.69,CL,scattered clouds
206,Vanavara,60.34,102.2797,57.52,82,3,2.26,RU,clear sky
207,Quatre Cocos,-20.2078,57.7625,69.91,68,56,11.18,MU,broken clouds
208,Takhtamygda,54.1,123.5667,65.59,99,100,1.95,RU,overcast clouds
209,Ribeira Grande,38.5167,-28.7,73.8,88,75,12.66,PT,broken clouds
210,Stornoway,58.2093,-6.3865,61.93,88,0,9.22,GB,clear sky
211,Tiksi,71.6872,128.8694,43.05,87,97,5.19,RU,overcast clouds
212,Leshukonskoye,64.8989,45.7622,39.06,79,6,3.98,RU,clear sky
213,Riyadh,24.6877,46.7219,98.74,14,22,11.56,SA,few clouds
214,Ocos,14.5094,-92.1933,95.5,72,99,9.26,GT,overcast clouds
215,Valparaiso,-33.0393,-71.6273,54.52,88,90,6.91,CL,fog
216,Kruisfontein,-34.0033,24.7314,42.89,77,41,5.1,ZA,scattered clouds
217,Kawalu,-7.3817,108.2082,72.25,97,91,1.59,ID,overcast clouds
218,Bambous Virieux,-20.3428,57.7575,70.05,83,75,12.66,MU,light intensity shower rain
219,Yerbogachen,61.2767,108.0108,58.39,74,27,2.17,RU,scattered clouds
220,Lompoc,34.6391,-120.4579,91.78,64,57,16.11,US,broken clouds
221,Ponta Do Sol,32.6667,-17.1,73.71,74,1,6.93,PT,clear sky
222,Haines Junction,60.7522,-137.5108,66.15,42,25,5.75,CA,scattered clouds
223,Metsavan,41.2016,44.2288,63.84,81,88,2.19,AM,overcast clouds
224,Rio Grande,-32.035,-52.0986,80.71,79,2,6.44,BR,clear sky
225,Warmbad,-28.45,18.7333,45.39,24,0,12.57,NA,clear sky
226,Solnechnyy,50.7214,136.6319,75.69,83,57,1.7,RU,broken clouds
227,Belmonte,-15.8631,-38.8828,75.2,69,95,10.83,BR,overcast clouds
228,Turkan,40.3639,50.215,78.98,83,0,13.8,AZ,clear sky
229,Sainte-Claire,46.6006,-70.8649,75.42,51,34,1.01,CA,scattered clouds
230,Kaitangata,-46.2817,169.8464,40.93,77,39,4.36,NZ,scattered clouds
231,Newport,51.5877,-2.9984,72.82,73,100,15.35,GB,overcast clouds
232,Lebu,-37.6167,-73.65,51.76,79,100,18.41,CL,overcast clouds
233,Luganville,-15.5333,167.1667,77.85,85,99,6.24,VU,overcast clouds
234,Caconda,-13.7333,15.0667,53.82,20,5,3.85,AO,clear sky
235,Saint Anthony,45.0205,-93.218,94.24,45,1,1.99,US,clear sky
236,Paita,-5.0892,-81.1144,75.76,75,20,21.9,PE,few clouds
237,Byron Bay,-28.65,153.6167,57.87,90,15,7.31,AU,few clouds
238,Goundam,16.4145,-3.6708,95.4,35,15,12.62,ML,few clouds
239,Severo-Kurilsk,50.6789,156.125,55.22,93,94,7.29,RU,overcast clouds
240,Balta,47.9355,29.6198,62.71,72,7,2.21,UA,clear sky
241,Ambon,-3.6954,128.1814,77.94,87,100,8.81,ID,light rain
242,Alyangula,-13.8483,136.4192,69.67,100,90,4.61,AU,overcast clouds
243,Irupi,-20.3453,-41.6411,58.42,75,0,3.71,BR,clear sky
244,Petropavlovsk-Kamchatskiy,53.0452,158.6483,54.19,100,75,2.24,RU,broken clouds
245,Itoman,26.1247,127.6694,81.37,96,75,27.63,JP,light intensity shower rain
246,Tromso,69.6496,18.957,48.85,81,75,1.01,NO,broken clouds
247,Wilmington,34.2257,-77.9447,86.99,63,1,8.05,US,clear sky
248,Bressuire,46.9167,-0.5,70.05,79,6,11.03,FR,clear sky
249,Tepla,49.98,12.8643,64.49,73,48,4.07,CZ,scattered clouds
250,Strezhevoy,60.7333,77.5889,71.58,72,46,8.5,RU,scattered clouds
251,Tilichiki,60.4667,166.1,52.75,85,100,3.58,RU,overcast clouds
252,Arman,59.7,150.1667,54.95,93,99,1.59,RU,overcast clouds
253,Lagoa,39.05,-27.9833,70.27,95,100,15.12,PT,overcast clouds
254,Brae,60.3964,-1.353,53.51,91,46,6.73,GB,scattered clouds
255,North Bend,43.4065,-124.2243,82.94,63,1,23.02,US,clear sky
256,Manggar,-2.8833,108.2667,81.14,78,28,9.66,ID,scattered clouds
257,Palmer,42.1584,-72.3287,81.21,57,75,11.5,US,broken clouds
258,Cervo,43.6702,-7.4101,66.2,81,2,11.7,ES,clear sky
259,Wellington,-41.2866,174.7756,46.06,68,40,4.61,NZ,scattered clouds
260,Kedrovyy,56.1667,91.8167,54.01,76,47,8.77,RU,scattered clouds
261,Svetlyy,54.675,20.1347,62.65,90,8,5.37,RU,clear sky
262,Moose Factory,51.2585,-80.6094,82.4,39,1,10.36,CA,clear sky
263,Rawlins,41.7911,-107.2387,82.29,26,75,5.75,US,broken clouds
264,Miri,4.4148,114.0089,78.94,94,40,2.3,MY,scattered clouds
265,Uthal,25.8072,66.6219,83.71,79,100,4.79,PK,overcast clouds
266,Mezen,65.8522,44.24,39.74,90,24,5.91,RU,few clouds
267,Azare,11.6765,10.1948,76.55,74,87,5.93,NG,overcast clouds
268,Provideniya,64.3833,-173.3,53.04,64,41,7.36,RU,scattered clouds
269,Baie-Comeau,49.2168,-68.1489,73.08,64,40,13.8,CA,scattered clouds
270,Shimoda,34.6667,138.95,77.11,83,2,2.44,JP,clear sky
271,Kiama,-34.6833,150.8667,51.58,90,98,6.08,AU,overcast clouds
272,Jurm,36.8648,70.8342,69.53,33,7,0.96,AF,clear sky
273,Iqaluit,63.7506,-68.5145,51.53,87,90,8.01,CA,light rain
274,Bathsheba,13.2167,-59.5167,86.61,70,40,13.8,BB,scattered clouds
275,Codajas,-3.8367,-62.0569,84.74,64,94,2.91,BR,overcast clouds
276,San Luis,-33.295,-66.3356,64.78,30,100,11.63,AR,overcast clouds
277,Barentu,15.1139,37.5928,72.21,81,99,8.3,ER,overcast clouds
278,Troitskoye,52.9821,84.6757,63.39,98,99,4.21,RU,overcast clouds
279,Prince Rupert,54.3161,-130.3201,57.29,94,90,5.75,CA,light rain
280,Goderich,43.7501,-81.7165,78.21,46,28,6.91,CA,scattered clouds
281,Borovoy,55.4333,86.0833,67.28,77,0,4.47,RU,clear sky
282,Chuy,-33.6971,-53.4616,61.05,84,5,4.68,UY,clear sky
283,Wahiawa,21.5028,-158.0236,77.32,79,90,10.36,US,overcast clouds
284,Kununurra,-15.7667,128.7333,58.98,88,94,0.0,AU,overcast clouds
285,Concepcion,-36.827,-73.0498,58.8,67,0,8.05,CL,clear sky
286,Cidreira,-30.1811,-50.2056,60.12,78,0,8.59,BR,clear sky
287,Havre-Saint-Pierre,50.2334,-63.5986,59.0,100,90,5.75,CA,mist
288,Bubaque,11.2833,-15.8333,79.61,79,100,13.98,GW,overcast clouds
289,Poum,-20.2333,164.0167,71.49,77,10,8.32,NC,clear sky
290,Sherlovaya Gora,50.5667,116.25,56.23,70,8,5.35,RU,clear sky
291,Poindimie,-20.9333,165.3333,72.73,83,56,5.41,NC,broken clouds
292,Neiafu,-18.65,-173.9833,79.48,83,20,0.0,TO,few clouds
293,San Quintin,30.4833,-115.95,75.79,67,74,11.01,MX,broken clouds
294,Cairns,-16.9167,145.7667,68.95,100,17,1.14,AU,few clouds
295,Fortuna,40.5982,-124.1573,71.85,67,20,3.0,US,few clouds
296,Kahului,20.8947,-156.47,83.97,78,40,20.71,US,scattered clouds
297,Gat,31.61,34.7642,81.28,100,26,8.28,IL,scattered clouds
298,Villanueva,15.3167,-88.0,90.59,55,75,12.66,HN,broken clouds
299,Batemans Bay,-35.7167,150.1833,51.19,89,92,5.46,AU,light rain
300,Qasigiannguit,68.8193,-51.1922,46.65,90,100,11.01,GL,overcast clouds
301,Borbon,10.838,124.0297,84.09,71,100,12.93,PH,overcast clouds
302,Worland,44.0169,-107.9554,91.54,22,1,8.05,US,clear sky
303,Khandbari,27.3747,87.2039,72.75,93,36,1.74,NP,scattered clouds
304,Domoni,-12.2569,44.5319,75.34,77,4,12.46,KM,clear sky
305,Beloha,-25.1667,45.05,61.52,67,43,6.76,MG,scattered clouds
306,Zapolyarnyy,69.4154,30.8136,45.68,84,100,27.18,RU,overcast clouds
307,Areosa,41.7178,-8.8571,65.46,92,11,3.02,PT,few clouds
308,Port Hardy,50.6996,-127.4199,59.18,88,90,4.61,CA,overcast clouds
309,Novyye Burasy,52.1324,46.0714,65.95,65,0,3.62,RU,clear sky
310,Dhola,21.8833,71.7833,83.41,75,100,13.22,IN,overcast clouds
311,Belaya Gora,68.5333,146.4167,57.42,46,98,7.85,RU,overcast clouds
312,Sungairaya,0.7,108.9,78.15,86,85,6.64,ID,overcast clouds
313,Umea,63.8284,20.2597,56.91,88,0,3.44,SE,clear sky
314,Sinegorye,62.0788,150.477,53.92,91,100,1.43,RU,overcast clouds
315,Iskateley,67.6803,53.1512,44.22,83,99,5.5,RU,overcast clouds
316,Sept-Iles,50.2001,-66.3821,67.05,76,75,1.99,CA,broken clouds
317,Kapoeta,4.7717,33.5903,74.25,76,75,6.06,SS,light rain
318,Tual,-5.6667,132.75,79.11,84,100,17.67,ID,overcast clouds
319,Hokitika,-42.7167,170.9667,42.85,85,7,4.5,NZ,clear sky
320,Omboue,-1.5746,9.2618,73.11,77,71,6.24,GA,broken clouds
321,Kristiansund,63.1115,7.732,62.65,87,94,9.91,NO,overcast clouds
322,Gravdal,68.1214,13.5031,51.69,93,75,2.3,NO,light rain
323,Bonavista,48.6499,-53.1147,57.2,96,100,8.7,CA,overcast clouds
324,Umm Lajj,25.0213,37.2685,85.84,61,0,9.24,SA,clear sky
325,Florianopolis,-27.6146,-48.5012,67.23,67,0,14.97,BR,clear sky
326,Nong Han,17.3608,103.1053,77.14,96,100,13.22,TH,light rain
327,Inhambane,-23.865,35.3833,61.47,70,66,10.78,MZ,broken clouds
328,Faanui,-16.4833,-151.75,78.22,67,8,15.77,PF,clear sky
329,Ambilobe,-13.2,49.05,65.21,82,1,4.05,MG,clear sky
330,Yenagoa,4.9247,6.2642,74.97,83,100,6.04,NG,overcast clouds
331,Abu Samrah,35.3029,37.1841,78.6,61,48,11.48,SY,scattered clouds
332,La Rioja,42.25,-2.5,64.18,57,100,2.73,ES,overcast clouds
333,Mogadishu,2.0371,45.3438,76.62,84,15,24.45,SO,few clouds
334,Capitao Poco,-1.7464,-47.0594,77.13,80,99,3.6,BR,overcast clouds
335,Oranjemund,-28.55,16.4333,61.81,25,0,13.18,NA,clear sky
336,Itarema,-2.9248,-39.9167,79.11,75,8,16.17,BR,clear sky
337,Deer Lake,49.1667,-57.4316,55.26,94,90,13.8,CA,overcast clouds
338,Senanga,-16.1167,23.2667,54.14,26,64,6.55,ZM,broken clouds
339,Guerrero Negro,27.9769,-114.0611,83.59,51,25,14.65,MX,scattered clouds
340,Simao,22.7886,100.9748,65.07,99,72,2.19,CN,broken clouds
341,Juybar,36.6412,52.9124,81.63,66,0,5.41,IR,clear sky
342,Dinguiraye,11.3,-10.7167,71.29,93,100,4.94,GN,moderate rain
343,Borujerd,33.8973,48.7516,75.33,18,0,0.22,IR,clear sky
344,Aloleng,16.1307,119.7824,81.93,84,100,20.94,PH,overcast clouds
345,Talcahuano,-36.7167,-73.1167,58.68,67,0,8.05,CL,clear sky
346,San Pedro,14.35,121.0167,80.15,95,90,6.91,PH,moderate rain
347,Sitka,57.0531,-135.33,57.09,88,90,10.36,US,light rain
348,Mount Gambier,-37.8333,140.7667,48.11,93,75,18.41,AU,shower rain
349,The Valley,18.217,-63.0578,85.82,89,75,9.22,AI,broken clouds
350,Limbang,4.75,115.0,79.11,94,92,1.86,MY,overcast clouds
351,Santo Tomas,14.1079,121.1414,79.38,90,100,10.58,PH,moderate rain
352,Yar-Sale,66.8333,70.8333,49.64,91,94,18.12,RU,overcast clouds
353,Yanam,16.7333,82.2167,77.04,85,100,8.95,IN,overcast clouds
354,Murgab,37.4966,61.9714,84.07,34,0,4.61,TM,clear sky
355,Belize,17.25,-88.75,91.72,60,100,4.25,BZ,overcast clouds
356,Karratha,-20.7377,116.8463,69.04,40,7,10.67,AU,clear sky
357,Maceio,-9.6658,-35.7353,78.24,73,40,6.91,BR,scattered clouds
358,Alofi,-19.0595,-169.9187,76.89,94,75,6.91,NU,broken clouds
359,Lamesa,32.7376,-101.951,97.09,23,1,11.52,US,clear sky
360,Sao Filipe,14.8961,-24.4956,73.78,76,19,9.48,CV,few clouds
361,Okhotsk,59.3833,143.3,58.66,88,91,2.26,RU,overcast clouds
362,Vila Velha,-20.3297,-40.2925,73.35,60,0,9.22,BR,clear sky
363,Najran,17.4924,44.1277,77.65,49,99,4.76,SA,overcast clouds
364,Panama City,8.9936,-79.5197,85.95,82,40,9.22,PA,thunderstorm
365,Bar Harbor,44.3876,-68.2039,73.35,71,83,5.01,US,broken clouds
366,Carutapera,-1.195,-46.02,76.69,92,20,6.73,BR,few clouds
367,Okha,53.5739,142.9478,59.86,96,99,9.89,RU,overcast clouds
368,Vilyuysk,63.7553,121.6247,64.67,70,100,8.25,RU,overcast clouds
369,Thap Than,15.4606,99.8917,79.34,73,100,3.58,TH,overcast clouds
370,Nuevo Progreso,23.1667,-97.95,93.6,61,33,5.99,MX,scattered clouds
371,Brest,52.1,23.7,64.09,78,57,3.51,BY,broken clouds
372,Hilo,19.7297,-155.09,90.28,90,90,4.61,US,haze
373,Sivas,39.7916,37.0019,54.23,71,0,10.36,TR,clear sky
374,Cap-Aux-Meules,47.3821,-61.8597,59.05,82,75,10.36,CA,broken clouds
375,Macae,-22.3708,-41.7869,71.47,68,0,11.5,BR,clear sky
376,Taltal,-25.4,-70.4833,58.87,75,86,6.82,CL,overcast clouds
377,Batagay-Alyta,67.8006,130.4114,60.64,70,54,1.97,RU,light rain
378,Pacific Grove,36.6177,-121.9166,82.42,75,1,13.0,US,clear sky
379,Vagay,57.9375,69.0217,65.61,98,100,4.81,RU,light rain
380,Yulara,-25.2406,130.9889,39.04,65,4,3.44,AU,clear sky
381,Macenta,8.5435,-9.471,67.91,99,100,2.86,GN,light rain
382,Abbeville,50.1,1.8333,71.01,68,99,11.77,FR,overcast clouds
383,Jacqueville,5.2052,-4.4146,78.71,81,37,10.47,CI,scattered clouds
384,Magnitogorsk,53.4186,59.0472,61.63,100,90,4.47,RU,light intensity shower rain
385,Otane,-39.8833,176.6333,45.01,90,4,1.77,NZ,clear sky
386,Jalu,29.0331,21.5482,81.77,53,0,16.75,LY,clear sky
387,El Vigia,8.6219,-71.6506,93.31,49,80,3.8,VE,broken clouds
388,Mitsamiouli,-11.3847,43.2844,77.43,68,31,8.72,KM,scattered clouds
389,Helena,46.5927,-112.0361,88.36,18,1,5.99,US,clear sky
390,Andenes,69.3143,16.1194,50.07,87,90,10.36,NO,overcast clouds
391,Camacha,33.0833,-16.3333,68.76,78,20,13.8,PT,few clouds
392,Nantong,32.0303,120.8747,80.98,82,92,14.5,CN,overcast clouds
393,Ribas Do Rio Pardo,-20.4431,-53.7592,81.3,25,0,6.4,BR,clear sky
394,Puerto Leguizamo,-0.1934,-74.7819,82.18,68,28,3.11,CO,scattered clouds
395,Port Shepstone,-30.7414,30.455,55.4,59,64,18.03,ZA,broken clouds
396,Pandan,14.0453,124.1694,82.81,77,100,18.95,PH,overcast clouds
397,Sao Jose Da Coroa Grande,-8.8978,-35.1478,75.0,78,20,11.23,BR,few clouds
398,Salalah,17.0151,54.0924,77.09,100,90,6.91,OM,light intensity drizzle
399,Dawlatabad,36.4141,64.9053,84.34,15,0,1.5,AF,clear sky
400,Ibirama,-27.0569,-49.5178,61.32,79,9,2.64,BR,clear sky
401,Chara,56.9064,118.2631,59.09,82,96,1.74,RU,overcast clouds
402,Suez,29.9737,32.5263,78.87,55,0,11.52,EG,clear sky
403,Lagos,6.5833,3.75,80.92,79,82,5.64,NG,broken clouds
404,Cap Malheureux,-19.9842,57.6142,70.29,76,40,3.0,MU,scattered clouds
405,Ndele,8.4109,20.6473,71.35,87,22,1.97,CF,few clouds
406,Oudtshoorn,-33.5907,22.2014,44.96,67,0,5.59,ZA,clear sky
407,Muravlenko,63.7898,74.523,52.09,88,93,11.7,RU,overcast clouds
408,Vicksburg,32.3526,-90.8779,94.68,57,20,6.91,US,few clouds
409,Lata,40.1629,-8.3327,64.81,93,58,3.33,PT,broken clouds
410,Rio Gallegos,-51.6226,-69.2181,39.25,81,40,12.66,AR,scattered clouds
411,Yarada,17.65,83.2667,81.82,78,100,16.06,IN,overcast clouds
412,Silver City,32.7701,-108.2803,82.92,51,40,14.0,US,scattered clouds
413,Pati,-6.7559,111.038,72.9,88,5,1.99,ID,clear sky
414,Salinopolis,-0.6136,-47.3561,78.24,86,65,12.21,BR,broken clouds
415,Tchamba,9.0333,1.4167,71.24,95,99,4.07,TG,light rain
416,Svetlogorsk,52.6333,29.7333,62.46,78,76,6.96,BY,broken clouds
417,Cabimas,10.3883,-71.4399,89.26,59,90,9.53,VE,overcast clouds
418,Aqtobe,50.2797,57.2072,68.09,88,40,6.71,KZ,scattered clouds
419,Hoskote,13.0669,77.7983,70.0,88,75,11.5,IN,broken clouds
420,Jatai,-17.8814,-51.7144,76.35,30,0,6.82,BR,clear sky
421,Galesong,-5.3166,119.3661,69.82,72,78,9.04,ID,broken clouds
422,Hanover,52.3705,9.7332,62.87,85,0,1.14,DE,clear sky
423,Gari,59.4307,62.3497,54.57,95,92,5.88,RU,light rain
424,Opuwo,-18.0607,13.84,57.49,16,0,8.1,NA,clear sky
425,Mizdah,31.4451,12.9801,76.05,46,0,13.13,LY,clear sky
426,Bandarbeyla,9.4942,50.8122,76.78,82,23,35.81,SO,few clouds
427,Rochegda,62.8,43.25,40.69,75,3,5.12,RU,clear sky
428,Vostok,46.4856,135.8833,73.15,80,92,3.0,RU,overcast clouds
429,Aguimes,27.9054,-15.4461,71.65,68,20,27.63,ES,few clouds
430,Mantua,45.1667,10.7833,82.72,73,76,1.99,IT,broken clouds
431,Imbituba,-28.24,-48.6703,69.69,82,2,15.37,BR,clear sky
432,Cabedelo,-6.9811,-34.8339,77.67,83,19,16.75,BR,few clouds
433,Port Lincoln,-34.7333,135.8667,52.65,69,15,21.47,AU,few clouds
434,Caravelas,-17.7125,-39.2481,70.07,76,100,6.64,BR,overcast clouds
435,Outlook,51.5001,-107.0513,81.16,15,2,17.85,CA,clear sky
436,Castro,-24.7911,-50.0119,57.47,70,0,2.35,BR,clear sky
437,Mongoumba,3.6415,18.5936,73.53,84,100,2.39,CF,overcast clouds
438,Ouro Fino,-22.2831,-46.3692,74.03,36,0,4.21,BR,clear sky
439,Atagay,55.1033,99.3875,55.56,87,41,3.29,RU,scattered clouds
440,Padang,-0.9492,100.3543,77.18,84,100,3.62,ID,overcast clouds
441,Tocopilla,-22.092,-70.1979,65.75,63,24,8.7,CL,few clouds
442,Tiznit,29.5833,-9.5,93.96,22,96,0.85,MA,overcast clouds
443,Mogzon,51.7435,111.9606,48.83,90,18,5.3,RU,few clouds
444,Krasnoselkup,65.7,82.4667,69.17,69,100,24.27,RU,overcast clouds
445,Adelanto,34.5828,-117.4092,96.91,20,51,13.65,US,broken clouds
446,Cortez,37.3489,-108.5859,86.52,41,40,10.36,US,scattered clouds
447,Avigliana,45.0771,7.3986,77.34,74,95,3.0,IT,overcast clouds
448,Fatick,14.3581,-16.5858,77.94,55,18,12.66,SN,few clouds
449,Samarai,-10.6167,150.6667,80.08,85,71,8.52,PG,broken clouds
450,Navirai,-23.065,-54.1906,72.73,46,0,6.33,BR,clear sky
451,Atambua,-9.1061,124.8925,66.24,63,10,4.7,ID,clear sky
452,Lockhart,28.6194,-81.4426,93.4,72,1,1.01,US,clear sky
453,Hearst,49.6835,-83.6665,82.65,28,100,9.82,CA,overcast clouds
454,Sao Felix Do Xingu,-6.6447,-51.995,86.2,34,9,2.59,BR,clear sky
455,Sao Geraldo Do Araguaia,-6.4006,-48.555,87.64,27,14,3.47,BR,few clouds
456,Charters Towers,-20.1,146.2667,60.55,58,8,8.95,AU,clear sky
457,Boyuibe,-20.4167,-63.2833,87.71,28,0,15.84,BO,clear sky
458,Semporna,4.4818,118.6112,79.0,84,95,7.63,MY,overcast clouds
459,Delijan,33.9905,50.6838,89.53,13,0,2.01,IR,clear sky
460,Soyo,-6.1349,12.3689,70.59,86,65,8.03,AO,broken clouds
461,Constitucion,-35.3333,-72.4167,57.27,74,100,10.13,CL,overcast clouds
462,Rawah,34.4816,41.9093,92.43,28,0,11.41,IQ,clear sky
463,Kharan,28.5833,65.4167,92.43,30,8,9.84,PK,clear sky
464,Timbiqui,2.7717,-77.6654,81.19,80,100,7.78,CO,light rain
465,Itaueira,-7.6033,-43.0256,83.48,33,0,7.74,BR,clear sky
466,Sherghati,24.5667,84.7833,80.22,88,81,12.17,IN,broken clouds
467,Fort Nelson,58.8053,-122.7002,67.59,52,75,8.05,CA,broken clouds
468,Mao,39.8885,4.2658,81.16,69,0,8.05,ES,clear sky
469,Vytegra,61.0064,36.4481,48.99,69,75,4.61,RU,broken clouds
470,Shu,43.5983,73.7614,76.23,28,0,3.56,KZ,clear sky
471,Dudinka,69.4058,86.1778,61.21,80,100,25.68,RU,moderate rain
472,Uruzgan,32.8333,66.0,75.94,23,10,6.17,AF,clear sky
473,Ust-Tsilma,65.441,52.1498,46.31,97,100,8.3,RU,overcast clouds
474,Esil,51.9556,66.4042,73.53,44,71,6.73,KZ,broken clouds
475,Bosaso,11.2842,49.1816,93.0,42,66,13.02,SO,broken clouds
476,High Rock,26.6208,-78.2833,86.02,71,100,8.59,BS,overcast clouds
477,Gobabis,-22.45,18.9667,43.09,21,0,11.32,NA,clear sky
478,Rio Do Sul,-27.2142,-49.6431,59.4,74,12,2.1,BR,few clouds
479,Luba,3.4568,8.5547,76.89,88,98,6.73,GQ,moderate rain
480,Irbit,57.6705,63.071,59.97,81,100,1.03,RU,overcast clouds
481,Komsomolskiy,40.4272,71.7189,79.52,47,0,4.61,UZ,clear sky
482,Kloulklubed,7.0419,134.2556,75.7,70,100,14.07,PW,overcast clouds
483,Vestmannaeyjar,63.4427,-20.2734,52.79,100,90,11.5,IS,light intensity drizzle
484,Tawau,4.2498,117.8871,78.93,94,98,1.99,MY,overcast clouds
485,Birao,10.2849,22.7882,74.53,81,12,5.03,CF,few clouds
486,Antalaha,-14.9003,50.2788,69.1,75,19,7.74,MG,few clouds
487,Alice Springs,-23.7,133.8833,44.15,61,2,8.05,AU,clear sky
488,Havelock,34.8791,-76.9013,87.06,55,1,5.99,US,clear sky
489,Khandyga,62.6667,135.6,62.4,78,100,3.09,RU,light rain
490,Tiverton,50.9,-3.4833,71.35,67,100,13.0,GB,overcast clouds
491,Abu Dhabi,24.4667,54.3667,102.31,29,0,9.22,AE,clear sky
492,Tena,-0.9833,-77.8167,84.96,53,91,2.28,EC,overcast clouds
493,Locri,38.2414,16.2623,80.51,71,0,9.8,IT,clear sky
494,Las Palmas,28.4204,-14.0131,72.39,73,20,18.41,ES,few clouds
495,Marawi,7.9986,124.2928,71.65,88,99,6.13,PH,overcast clouds
496,Bethel,41.3712,-73.414,82.04,53,75,1.01,US,broken clouds
497,Waddan,29.1614,16.139,80.82,42,0,14.97,LY,clear sky
498,Coquimbo,-29.9533,-71.3436,55.13,76,75,5.75,CL,broken clouds
499,Mahibadhoo,3.7833,72.9667,82.24,77,89,8.59,MV,overcast clouds
500,Awjilah,29.1081,21.2869,81.3,54,0,16.04,LY,clear sky
501,Petlawad,23.0,74.8,75.54,86,45,4.43,IN,scattered clouds
502,Terney,45.0503,136.6092,74.26,87,79,2.13,RU,broken clouds
503,Emerald,-23.5333,148.1667,59.14,47,90,4.61,AU,overcast clouds
504,Jeremie,18.65,-74.1167,84.9,70,29,5.53,HT,scattered clouds
505,Saint-Pierre,-21.3393,55.4781,67.68,64,20,8.05,RE,few clouds
506,Redmond,47.674,-122.1215,82.98,46,1,3.0,US,clear sky
507,Belyy Yar,53.6039,91.3903,64.29,94,0,2.24,RU,clear sky
508,Huanan,46.2167,130.5167,74.3,84,33,1.99,CN,scattered clouds
509,Tuatapere,-46.1333,167.6833,41.83,89,52,5.68,NZ,broken clouds
510,Salym,60.0625,71.4789,58.73,97,99,4.61,RU,overcast clouds
511,Olavarria,-36.8927,-60.3225,57.04,69,100,6.24,AR,overcast clouds
512,Kokopo,-4.352,152.2633,76.84,85,98,4.97,PG,overcast clouds
513,Port-Cartier,50.0334,-66.8654,65.75,73,100,5.21,CA,overcast clouds
514,Mandurah,-32.55,115.7,56.21,65,97,18.37,AU,overcast clouds
515,Arteaga,18.4667,-102.4167,81.12,48,15,4.0,MX,few clouds
516,Bodden Town,19.2833,-81.25,88.99,71,40,4.0,KY,scattered clouds
517,Altay,47.8667,88.1167,67.24,60,25,5.06,CN,scattered clouds
518,Tomatlan,19.9333,-105.25,92.43,52,40,6.06,MX,scattered clouds
519,Puertollano,38.6871,-4.1073,82.15,25,2,5.79,ES,clear sky
520,Pridonskoy,51.6841,39.0727,61.36,67,0,4.47,RU,clear sky
521,Novooleksiyivka,46.2269,34.6428,68.67,49,0,8.32,UA,clear sky
522,Annau,37.8876,58.516,90.9,18,0,4.61,TM,clear sky
523,Yala,6.3333,101.25,74.86,96,100,2.04,TH,moderate rain
524,Clarence Town,-32.5833,151.7833,54.86,91,32,3.36,AU,scattered clouds
525,Coahuayana,18.7333,-103.6833,91.76,61,89,7.31,MX,overcast clouds
526,Methoni,36.8197,21.7049,79.21,76,25,4.94,GR,scattered clouds
527,Navalmoral De La Mata,39.8916,-5.5406,72.28,32,3,5.57,ES,clear sky
528,Margate,51.3813,1.3862,64.31,82,100,3.0,GB,overcast clouds
529,Safranbolu,41.2508,32.6942,57.81,90,2,1.99,TR,clear sky
530,Klaksvik,62.2266,-6.589,50.92,91,97,16.98,FO,overcast clouds
531,Oksfjord,70.2396,22.3479,48.27,93,100,17.98,NO,overcast clouds
532,Okato,-39.2,173.8833,45.68,83,1,3.2,NZ,clear sky
533,Kabo,7.6994,18.629,72.28,86,22,2.95,CF,few clouds
534,Shieli,44.1667,66.75,82.27,28,0,7.38,KZ,clear sky
535,Mezhdurechenskiy,59.6,65.9333,56.48,84,100,2.62,RU,overcast clouds
536,Luwingu,-10.2621,29.9271,62.94,56,66,7.58,ZM,broken clouds
537,Kayasula,44.325,45.0,71.83,76,100,8.08,RU,light rain
538,Sainte-Maxime,43.3,6.6333,77.04,77,47,3.13,FR,scattered clouds
539,Te Anau,-45.4167,167.7167,38.88,93,42,1.01,NZ,scattered clouds
540,Flinders,-34.5833,150.8552,51.39,88,99,6.24,AU,overcast clouds
541,Male,4.1748,73.5089,82.24,77,65,9.19,MV,heavy intensity rain
542,Panorama,40.5878,23.0315,76.53,57,20,3.0,GR,few clouds
543,Tara,56.8944,74.371,65.7,71,0,7.47,RU,clear sky
544,Bilgi,16.35,75.6167,71.89,88,100,18.57,IN,overcast clouds
545,Maningrida,-12.0667,134.2667,67.1,95,17,4.12,AU,few clouds
546,Indiana,40.0003,-86.2503,86.95,63,1,8.05,US,clear sky
547,Vasudevanallur,9.2333,77.4167,78.44,71,100,9.37,IN,overcast clouds
548,Half Moon Bay,37.4636,-122.4286,96.75,61,1,1.01,US,clear sky
549,Korla,41.7597,86.1469,84.34,32,37,3.96,CN,scattered clouds
550,Gorontalo,0.5412,123.0595,74.84,88,95,4.34,ID,overcast clouds
551,Ayan,56.45,138.1667,58.69,92,100,11.86,RU,overcast clouds
552,Moron,-34.6534,-58.6198,67.69,65,78,4.21,AR,broken clouds
553,George,-33.963,22.4617,45.95,87,0,10.36,ZA,clear sky
554,Ler,8.3018,30.1418,74.62,82,100,4.23,SS,overcast clouds
555,Odesskoye,54.2111,72.9651,70.09,51,0,7.14,RU,clear sky
556,Sabang,5.8933,95.3214,83.35,76,100,20.87,ID,overcast clouds
557,Abu Kamal,34.4506,40.9171,92.43,30,0,10.11,SY,clear sky
558,Xihe,31.6864,113.4659,75.94,93,95,4.83,CN,overcast clouds
559,Orlik,52.5178,99.825,51.33,91,99,1.52,RU,overcast clouds
560,Walvis Bay,-22.9575,14.5053,68.95,12,0,17.27,NA,clear sky
561,Presidencia Roque Saenz Pena,-26.7852,-60.4388,82.87,22,0,7.34,AR,clear sky
562,Dawei,14.0833,98.2,78.22,93,100,7.63,MM,overcast clouds
563,Urcos,-13.6861,-71.6228,67.89,34,46,9.13,PE,scattered clouds
564,Ponta Delgada,37.7333,-25.6667,70.52,88,40,11.5,PT,scattered clouds
565,Piacabucu,-10.4056,-36.4344,73.8,80,10,9.26,BR,clear sky
566,Victor Harbor,-35.5667,138.6167,51.91,90,53,1.01,AU,broken clouds
567,Santa Cruz,-17.8,-63.1667,87.85,35,0,16.11,BO,clear sky
568,Epiniana,39.1429,21.6134,66.74,64,84,1.07,GR,broken clouds
569,Aksarka,66.5606,67.7975,45.55,89,64,7.85,RU,broken clouds
570,Portland,45.5234,-122.6762,85.51,31,0,1.99,US,clear sky
571,Minyar,55.0709,57.5485,57.22,88,100,2.04,RU,light rain
572,Kayerkan,69.3497,87.7602,60.28,67,100,26.53,RU,light rain
573,Dunda,-8.1167,34.25,63.28,54,95,2.33,TZ,overcast clouds
574,Taoudenni,22.6783,-3.9836,100.71,22,94,10.58,ML,overcast clouds
575,Seymchan,62.8833,152.4333,57.78,85,100,3.49,RU,overcast clouds
576,Sweetwater,25.7634,-80.3731,93.02,71,75,1.01,US,broken clouds
577,Arlit,18.7369,7.3853,97.77,25,17,7.16,NE,few clouds
578,Roma,43.2128,-75.4557,78.94,55,75,1.01,US,broken clouds
579,Zhongshu,24.5167,103.7667,63.59,96,99,1.86,CN,overcast clouds
580,Ucluelet,48.9329,-125.5528,75.04,86,98,1.01,CA,overcast clouds
581,Collecchio,44.754,10.2184,81.59,61,0,2.3,IT,clear sky
582,Ostrovnoy,68.0531,39.5131,41.95,95,100,22.55,RU,overcast clouds
583,Hasaki,35.7333,140.8333,73.8,83,0,2.44,JP,clear sky
584,Mason City,43.1536,-93.201,90.36,58,1,14.97,US,clear sky
585,Naze,28.3667,129.4833,77.81,89,100,29.01,JP,light rain
586,Cayenne,4.9333,-52.3333,84.09,78,58,3.0,GF,broken clouds
587,Tartagal,-22.5164,-63.8013,95.14,23,0,8.37,AR,clear sky
588,Clearwater,27.9659,-82.8001,94.15,72,75,8.01,US,broken clouds
589,Myra,45.4358,12.1348,78.78,69,0,4.61,IT,clear sky
590,Egvekinot,66.3167,-179.1667,46.62,84,83,5.88,RU,broken clouds
591,Sola,-13.8833,167.55,79.59,82,81,16.69,VU,broken clouds
592,Rocha,-34.4833,-54.3333,61.84,85,28,3.74,UY,scattered clouds
593,Zeya,53.75,127.2667,69.98,97,100,7.9,RU,light rain
594,Krasnogorodsk,56.8357,28.2822,59.7,64,90,4.54,RU,overcast clouds
595,Road Town,18.4167,-64.6167,86.04,74,40,14.97,VG,scattered clouds
596,Basavakalyan,17.8667,76.95,70.47,90,100,16.35,IN,overcast clouds
597,Waitati,-45.75,170.5667,48.79,75,40,3.2,NZ,scattered clouds
598,Praia Da Vitoria,38.7333,-27.0667,75.45,83,75,13.24,PT,broken clouds
599,Kudahuvadhoo,2.6708,72.8944,81.7,78,94,9.8,MV,overcast clouds
600,Meulaboh,4.1363,96.1285,76.93,88,100,4.12,ID,overcast clouds
601,Kyra,49.5776,111.9753,52.7,90,0,4.88,RU,clear sky
602,Muhos,64.808,25.9931,55.18,77,98,3.8,FI,overcast clouds
603,Channel-Port Aux Basques,47.5702,-59.1367,56.84,81,68,16.62,CA,broken clouds
604,Anadyr,64.75,177.4833,55.9,87,40,8.01,RU,light rain
605,Marsa Matruh,31.3525,27.2453,79.0,65,0,11.5,EG,clear sky
606,Attur,11.6,78.6167,76.87,81,99,5.61,IN,overcast clouds
607,Hervey Bay,-25.2986,152.8535,67.03,91,40,11.56,AU,scattered clouds
608,Adrar,20.5022,-10.0711,96.17,17,15,9.6,MR,few clouds
609,Himeji,34.8167,134.7,79.29,81,50,1.88,JP,scattered clouds
610,Kaspiyskiy,45.3929,47.3707,77.32,61,93,12.62,RU,overcast clouds
611,Grand Gaube,-20.0064,57.6608,70.2,76,41,1.99,MU,scattered clouds
612,Hammerfest,70.6634,23.6821,45.05,87,75,14.97,NO,broken clouds
613,Yeniseysk,58.4497,92.1703,57.49,76,4,4.14,RU,clear sky
614,Teguldet,57.3064,88.1667,56.64,86,0,5.77,RU,clear sky
615,Vikhorevka,56.1201,101.1636,58.59,92,2,1.63,RU,clear sky
616,Tonosho,34.4833,134.1833,79.21,76,100,5.7,JP,overcast clouds
617,Progreso,21.2833,-89.6667,92.1,68,72,15.73,MX,broken clouds
618,Berlevag,70.8578,29.0864,44.6,87,75,35.68,NO,light intensity drizzle
619,Camabatela,-8.1881,15.375,62.44,34,29,2.62,AO,scattered clouds
620,Paso De Patria,-27.2454,-58.5454,85.98,42,0,7.54,AR,light rain
621,Coihaique,-45.5752,-72.0662,45.21,61,40,3.44,CL,scattered clouds
622,Klamath Falls,42.2249,-121.7817,89.87,19,1,3.0,US,clear sky
623,Ballina,-28.8667,153.5667,55.78,100,7,4.61,AU,clear sky
624,Awbari,26.5921,12.7805,85.3,18,0,10.4,LY,clear sky
625,Santa Barbara,34.7333,-120.0343,84.99,42,21,8.61,US,few clouds
626,Casa Grande,32.8795,-111.7573,77.79,89,90,1.01,US,overcast clouds
627,Grand Baie,-20.0182,57.5802,70.27,76,41,1.99,MU,scattered clouds
628,Eydhafushi,5.1033,73.0708,82.6,77,59,11.52,MV,broken clouds
629,San Jeronimo,-11.9472,-75.2829,57.78,44,78,8.41,PE,broken clouds
630,Grindavik,63.8424,-22.4338,55.56,100,90,14.97,IS,light intensity drizzle
631,Visnes,59.3556,5.2242,63.57,88,3,3.44,NO,clear sky
632,Misratah,32.3754,15.0925,79.97,71,0,11.16,LY,clear sky
633,Salisbury,51.0693,-1.7957,69.57,75,20,8.05,GB,few clouds
634,Key West,24.5557,-81.7826,89.6,62,40,6.91,US,scattered clouds
635,Bhinmal,25.0,72.25,81.12,72,100,2.86,IN,light rain
636,Shubarshi,48.5872,57.1869,74.08,64,95,6.67,KZ,overcast clouds
637,Santa Pola,38.1917,-0.5658,86.49,82,0,1.01,ES,clear sky
638,Adeje,28.1227,-16.726,74.5,68,0,5.99,ES,clear sky
639,Camopi,3.1655,-52.3158,80.65,78,43,2.86,GF,scattered clouds
640,Takab,36.4009,47.1133,71.19,33,0,3.44,IR,clear sky
641,Chapais,49.7834,-74.8492,74.98,29,78,4.85,CA,broken clouds
642,Kurilsk,45.2333,147.8833,64.65,79,95,3.44,RU,overcast clouds
643,Kamenka,51.3223,42.7678,61.29,61,0,6.13,RU,clear sky
644,Denpasar,-8.65,115.2167,74.86,94,75,3.44,ID,broken clouds
645,Dubrovnik,42.6481,18.0922,74.84,64,0,4.61,HR,clear sky
646,Scurtu Mare,44.35,25.2667,74.48,56,14,2.75,RO,few clouds
647,Latung,5.5,120.8833,83.86,78,100,13.44,PH,overcast clouds
648,Upata,8.0086,-62.3989,78.19,87,87,3.65,VE,overcast clouds
649,Isangel,-19.55,169.2667,77.54,82,7,5.23,VU,clear sky
650,Georgiyevka,43.0369,74.7114,71.64,53,0,6.71,KZ,smoke
651,Manbij,36.5281,37.9549,84.97,37,0,10.87,SY,clear sky
652,Ruangwa,-10.0667,38.9333,68.56,66,54,7.83,TZ,broken clouds
653,Gao,16.6362,1.637,92.91,40,36,9.57,ML,scattered clouds
654,Porto Walter,-8.2686,-72.7439,90.68,29,12,2.44,BR,few clouds
655,Sinyavskoye,47.277,39.2789,72.75,52,0,11.21,RU,clear sky
656,Tapes,-30.6733,-51.3958,63.93,74,0,6.62,BR,clear sky
657,Sattahip,12.6664,100.9007,87.91,83,40,6.91,TH,moderate rain
658,Nyurba,63.2842,118.3319,59.79,81,15,3.94,RU,few clouds
659,Tabory,58.5198,64.5495,60.48,78,100,3.65,RU,overcast clouds
660,Bowmore,34.9421,-79.3031,91.69,48,1,1.99,US,clear sky
661,Kirakira,-10.4544,161.9205,80.55,80,82,5.26,SB,broken clouds
662,Chicama,-7.8447,-79.1469,66.74,71,10,11.97,PE,clear sky
663,Ayagoz,47.9714,80.4392,65.59,57,57,5.1,KZ,broken clouds
664,Viedma,-40.8135,-62.9967,50.99,44,93,11.81,AR,overcast clouds
665,Lasa,46.6166,10.7002,69.71,78,27,2.82,IT,scattered clouds
666,Sembakung,3.8167,117.25,74.23,97,94,1.48,ID,overcast clouds
667,Shahrud,36.4182,54.9763,78.76,49,0,6.71,IR,clear sky
668,Monywa,22.1167,95.1333,79.68,85,44,6.44,MM,scattered clouds
669,Porto Novo,6.4965,2.6036,80.42,78,16,8.81,BJ,few clouds
670,Aswan,24.0934,32.907,94.3,22,0,11.5,EG,clear sky
671,Yamethin,20.4333,96.15,74.5,95,79,7.29,MM,broken clouds
672,Zhirnovsk,50.9845,44.7735,61.66,60,0,3.89,RU,clear sky
673,Saryg-Sep,51.5,95.6,67.14,59,65,1.86,RU,broken clouds
674,Salinas,36.6777,-121.6555,89.71,60,1,12.66,US,clear sky
675,Necochea,-38.5473,-58.7368,52.03,83,100,11.27,AR,overcast clouds
676,Beidao,34.5686,105.8933,69.89,92,93,3.38,CN,overcast clouds
677,Udachnyy,66.4167,112.4,59.2,87,22,9.33,RU,few clouds
678,Itapaci,-14.9508,-49.5494,77.95,34,100,4.16,BR,overcast clouds
679,Puerto Del Rosario,28.5004,-13.8627,74.95,73,20,18.41,ES,few clouds
680,Dunedin,-45.8742,170.5036,46.8,77,30,3.87,NZ,scattered clouds
681,Monaragala,6.8714,81.3487,75.99,73,58,8.48,LK,broken clouds
682,Rio Branco,-9.9747,-67.81,92.01,38,20,3.44,BR,few clouds
683,Kungurtug,50.5994,97.5228,61.88,72,93,2.62,RU,overcast clouds
684,Blagoyevo,63.3667,47.9167,46.33,90,100,4.47,RU,overcast clouds
685,Abalak,58.1286,68.5944,62.29,96,99,5.5,RU,light rain
686,Bam,29.106,58.357,93.07,12,5,6.62,IR,clear sky
687,Alexandria,31.2156,29.9553,80.56,61,40,11.5,EG,scattered clouds
688,Svolvaer,68.2342,14.5683,53.49,93,75,6.91,NO,broken clouds
689,Le Port,-20.9373,55.2919,68.0,68,6,3.87,RE,clear sky
690,Krasnoborsk,61.5598,45.934,47.64,95,100,6.49,RU,overcast clouds
691,Mogapi,-22.323,27.8349,50.61,49,0,12.95,BW,clear sky
692,Goshen,41.5823,-85.8344,86.11,74,1,8.05,US,haze
693,Tiarei,-17.5333,-149.3333,82.42,68,1,12.17,PF,clear sky
694,Mandalgovi,45.7625,106.2708,63.93,51,67,3.02,MN,broken clouds
695,Soe,-9.8607,124.284,60.08,45,4,3.44,ID,clear sky
696,Boo,59.3333,18.2833,60.71,73,0,4.61,SE,clear sky
697,Buluang,13.3068,123.3425,80.15,86,100,15.39,PH,overcast clouds
698,Aklavik,68.2191,-135.0107,61.63,72,75,2.3,CA,broken clouds
699,Ghotki,28.006,69.3161,91.2,45,96,10.22,PK,overcast clouds
700,Lusaka,-15.4067,28.2871,59.43,64,83,6.73,ZM,broken clouds
701,Pimentel,-6.8367,-79.9342,75.49,77,0,5.99,PE,clear sky
702,Muros,42.7762,-9.0603,66.09,86,31,7.85,ES,scattered clouds
703,Lorengau,-2.0226,147.2712,80.38,82,26,6.33,PG,scattered clouds
704,Burias,11.4463,122.5497,75.4,88,100,5.95,PH,light rain
705,Xuanzhou,30.9525,118.7553,73.63,96,23,7.72,CN,light rain
706,Kishi,9.0833,3.85,72.09,87,100,3.67,NG,overcast clouds
707,Nambucca Heads,-30.65,153.0,51.8,81,6,6.78,AU,clear sky
